Kia Mohave (Borrego)|https://im.mashina.kg/tachka/images//7/7/6/77630c6bbc148ff88d077fe5e89b824b_240x180.jpg|$ 42 000|['2021 г., 3 л., автомат', 'внедорожник 5 дв., дизель', 'руль слева, 30 000 км']
Cadillac Escalade|https://im.mashina.kg/tachka/images//9/5/1/9518e5b023e27a9bb6e64cadb8c999a5_240x180.jpg|$ 99 000|['2020 г., 6.2 л., автомат', 'внедорожник 5 дв., бензин', 'руль слева, 35 000 км']
Toyota Camry|https://im.mashina.kg/tachka/images//0/6/2/062f8b5b9da45dcab2aa58d6bf688bd4_240x180.jpg|$ 30 000|['2021 г., 2.5 л., автомат', 'седан, бензин', 'руль слева, 26 000 км']
BMW 5 серии|https://im.mashina.kg/tachka/images//1/1/d/11df908810b4779d21f954b72c2a9670_240x180.jpg|$ 37 000|['2018 г., 3 л., автомат', 'седан, бензин', 'руль слева, 74 000 км']
Lexus ES|https://im.mashina.kg/tachka/images//e/1/8/e18e0d3986489db68433cfed4ea66683_240x180.jpg|$ 26 900|['2015 г., 2.5 л., вариатор', 'седан, гибрид', 'руль слева, 150 000 км']
SsangYong Rexton Sports|https://im.mashina.kg/tachka/images//f/c/3/fc3f3fa7c8d5decc32efa9d94ff3f1ef_240x180.jpg|$ 36 500|['2021 г., 2.2 л., автомат', 'пикап двойная кабина, дизель', 'руль слева, 33 750 км']
Kia Carnival|https://im.mashina.kg/tachka/images//9/a/1/9a119746234e47cb6a85dab4f207c55d_240x180.jpg|$ 36 900|['2021 г., 2.2 л., автомат', 'минивэн, дизель', 'руль слева, 31 500 км']
Toyota Prius|https://im.mashina.kg/tachka/images//d/d/9/dd90e4411714fae4fb8dd59a3c3c93a5_240x180.jpg|$ 15 900|['2017 г., 1.8 л., вариатор', 'лифтбек, гибрид', 'руль слева, 129 000 км']
Lexus ES|https://im.mashina.kg/tachka/images//a/7/6/a76be87584bd5ac3d80844509b30343d_240x180.jpg|$ 41 300|['2018 г., 2.5 л., вариатор', 'седан, гибрид', 'руль слева, 78 000 км']
EXEED RX|https://im.mashina.kg/tachka/images//8/9/d/89dcf1828b874bf31cab276cb34809cd_240x180.jpg|$ 36 500|['2023 г., 2 л., автомат', 'внедорожник 5 дв., бензин', 'руль слева, 20 км']
Geely Coolray|https://im.mashina.kg/tachka/images//2/5/f/25f3cab3779ae8a51d2a1d3f75f08e4e_240x180.jpg|$ 21 000|['2023 г., 1.5 л., робот', 'внедорожник 5 дв., бензин', 'руль слева, 20 км']
Geely Atlas Pro|https://im.mashina.kg/tachka/images//b/3/8/b388221b7b47a989bdba96e2742b96ac_240x180.jpg|$ 24 200|['2023 г., 1.5 л., автомат', 'внедорожник 5 дв., бензин', 'руль слева, 20 км']
LiXiang L7|https://im.mashina.kg/tachka/images//b/9/f/b9fc849053251c68530f376a07375e38_240x180.jpg|$ 61 800|['2023 г., 1.5 л., автомат', 'внедорожник 5 дв., гибрид', 'руль слева, 20 км']
Hyundai Palisade|https://im.mashina.kg/tachka/images//4/1/d/41d076dc70fe7040f65405e6fee0b589_240x180.jpg|$ 41 000|['2022 г., 3.8 л., автомат', 'внедорожник 5 дв., бензин', 'руль слева, 3 985 км']
Toyota Land Cruiser|https://im.mashina.kg/tachka/images//b/9/6/b96826dd928860c7af351fd984909e6e_240x180.jpg|$ 43 000|['2014 г., 4.5 л., автомат', 'внедорожник 5 дв., дизель', 'руль слева, 232 500 км']
BMW X7|https://im.mashina.kg/tachka/images//1/d/b/1db7ef2b2b549320ee494c3940ef4462_240x180.jpg|$ 92 500|['2019 г., 3 л., автомат', 'внедорожник 5 дв., дизель', 'руль слева, 137 500 км']
Land Rover Range Rover|https://im.mashina.kg/tachka/images//d/a/b/dab4b2648f655d4f3ae98d5a424077bd_240x180.jpg|$ 20 000|['2010 г., 5 л., автомат', 'внедорожник 5 дв., бензин', 'руль слева, 196 000 км']
Toyota Camry|https://im.mashina.kg/tachka/images//0/1/0/010cee67a38b3152bf2284cf05bac28d_240x180.jpg|$ 14 900|['2012 г., 2.5 л., вариатор', 'седан, гибрид', 'руль слева, 255 831 км']
Toyota Camry|https://im.mashina.kg/tachka/images//8/9/f/89f4cff1c5ca7a897dc5506b04075644_240x180.jpg|$ 25 500|['2019 г., 2.5 л., вариатор', 'седан, гибрид', 'руль слева, 76 000 км']
Lexus GX|https://im.mashina.kg/tachka/images//d/4/4/d44bf4ddb64f7c8a4bc47c2a14942200_240x180.jpg|$ 33 500|['2010 г., 4.6 л., автомат', 'внедорожник 5 дв., бензин', 'руль слева, 180 000 км']
LiXiang L7|https://im.mashina.kg/tachka/images//f/7/f/f7f4314b5dbfcdc5871f0a7b884e9cfa_240x180.jpg|$ 61 500|['2023 г., 1.5 л., автомат', 'внедорожник 5 дв., гибрид', 'руль слева, 30 км']
Toyota Avalon|https://im.mashina.kg/tachka/images//7/c/7/7c76e2716dba7a99fadf374b59212ae1_240x180.jpg|$ 32 500|['2023 г., 2 л., вариатор', 'седан, бензин', 'руль слева, 17 км']
LiXiang L9|https://im.mashina.kg/tachka/images//7/7/8/77889a5a1424bf4e4c04939dab5e7ff2_240x180.jpg|$ 71 500|['2023 г., 1.5 л., автомат', 'внедорожник 5 дв., гибрид', 'руль слева, 1 км']
Zeekr 001|https://im.mashina.kg/tachka/images//2/d/4/2d44280d41a024cd81be1f05c37175b4_240x180.jpg|$ 60 500|['2023 г., автомат', 'лифтбек, электро', 'руль слева, 20 км']
BMW 7 серии|https://im.mashina.kg/tachka/images//4/0/0/400f09c4fa3a49ab3c38c9165dac4ca4_240x180.jpg|$ 75 000|['2020 г., 3 л., автомат', 'седан, дизель', 'руль слева, 60 000 км']
Kia Seltos|https://im.mashina.kg/tachka/images//5/d/7/5d704b712157c80da751e38007b695ff_240x180.jpg|$ 25 000|['2023 г., 1.6 л., автомат', 'внедорожник 5 дв., бензин', 'руль слева']
Volkswagen ID.6|https://im.mashina.kg/tachka/images//e/5/4/e54bfc6f90851319bf683754f804c543_240x180.jpg|$ 36 000|['2022 г., автомат', 'внедорожник 5 дв., электро', 'руль слева, 9 000 км']
BMW X4|https://im.mashina.kg/tachka/images//c/7/7/c7736dafc7bc1fc6337809971a8cc3a9_240x180.jpg|$ 50 000|['2019 г., 2 л., автомат', 'внедорожник 5 дв., дизель', 'руль слева, 49 000 км']
Changan UNI-K|https://im.mashina.kg/tachka/images//e/8/b/e8bc578d46926857099f5d347e0ad81a_240x180.jpg|$ 29 400|['2023 г., 2 л., автомат', 'внедорожник 5 дв., бензин', 'руль слева, 1 км']
Lexus ES|https://im.mashina.kg/tachka/images//a/c/b/acbcb8570d7136d69e4389e6c0008702_240x180.jpg|$ 48 000|['2018 г., 3.5 л., автомат', 'седан, бензин', 'руль слева, 74 000 км']
Ford Mustang|https://im.mashina.kg/tachka/images//b/e/e/bee9ae3c62daf82ddd1ab69eb906fbff_240x180.jpg|$ 21 000|['2017 г., 2.3 л., автомат', 'купе, бензин', 'руль слева, 120 000 км']
Lexus GX|https://im.mashina.kg/tachka/images//9/1/e/91e8dfff32799cd754b4baf9c421196d_240x180.jpg|$ 27 800|['2008 г., 4.7 л., автомат', 'внедорожник 5 дв., бензин', 'руль слева, 190 000 км']
BMW X5|https://im.mashina.kg/tachka/images//f/7/5/f75d8e4acbd20c363adfa0b1b95eb890_240x180.jpg|$ 8 200|['2001 г., 4.4 л., автомат', 'внедорожник 5 дв., бензин', 'руль слева, 330 000 км']
BMW X5|https://im.mashina.kg/tachka/images//f/d/2/fd2cd70c4764937438a6ef42e0436cb2_240x180.jpg|$ 64 900|['2019 г., 3 л., автомат', 'внедорожник 5 дв., бензин', 'руль слева, 95 000 км']
Lexus NX|https://im.mashina.kg/tachka/images//c/0/e/c0ea816de75d7dd4e444cb016eb7bc14_240x180.jpg|$ 28 500|['2017 г., 2 л., автомат', 'внедорожник 5 дв., бензин', 'руль слева, 83 000 км']
Lexus ES|https://im.mashina.kg/tachka/images//f/2/f/f2f9501fe6e1d9ac4881c67f30f2b286_240x180.jpg|$ 18 000|['2012 г., 3.5 л., автомат', 'седан, бензин', 'руль слева, 65 000 км']
Volkswagen ID.6|https://im.mashina.kg/tachka/images//6/8/c/68cfab7451467ea86acfb9bbb3e7e749_240x180.jpg|$ 30 000|['2022 г., автомат', 'внедорожник 5 дв., электро', 'руль слева, 5 000 км']
Kia Carnival|https://im.mashina.kg/tachka/images//3/e/e/3eef4857a228345b6241aeb135dcc8ba_240x180.jpg|$ 55 000|['2021 г., 3.5 л., автомат', 'минивэн, бензин', 'руль слева, 20 000 км']
BMW 5 серии|https://im.mashina.kg/tachka/images//b/d/a/bda2cb8a106c030cfb10437eed2e5266_240x180.jpg|$ 5 500|['2001 г., 2.2 л., автомат', 'седан, бензин', 'руль слева, 250 000 км']
EXEED VX|https://im.mashina.kg/tachka/images//2/4/2/2425a36b6c7f736071d5d8c6a6f873c6_240x180.jpg|$ 29 800|['2023 г., 2 л., робот', 'внедорожник 5 дв., бензин', 'руль слева, 50 км']
Toyota Land Cruiser|https://im.mashina.kg/tachka/images//4/e/0/4e0f101a4b1f542f7d106194c19c2fcb_240x180.jpg|$ 36 000|['2008 г., 4.5 л., автомат', 'внедорожник 5 дв., дизель', 'руль слева, 260 000 км']
Subaru Outback|https://im.mashina.kg/tachka/images//0/1/b/01bd4eb8a73baa19ac9868ba4b6ddfeb_240x180.jpg|$ 17 500|['2018 г., 3.6 л., вариатор', 'универсал, бензин', 'руль слева, 159 000 км']
Subaru Tribeca|https://im.mashina.kg/tachka/images//8/7/b/87bc1c357c406ccb6840ae5e4cc07c6c_240x180.jpg|$ 15 000|['2008 г., 3.6 л., автомат', 'внедорожник 5 дв., бензин', 'руль слева, 214 000 км']
Lexus ES|https://im.mashina.kg/tachka/images//b/5/d/b5d4153d484a4106295348482ee1fedc_240x180.jpg|$ 23 000|['2013 г., 2.5 л., вариатор', 'седан, гибрид', 'руль слева, 168 000 км']
Lexus NX|https://im.mashina.kg/tachka/images//1/d/0/1d03d78a8211796ae5bec6ab92570ba7_240x180.jpg|$ 27 500|['2019 г., 2 л., автомат', 'внедорожник 5 дв., бензин', 'руль слева, 55 000 км']
Kia Sorento|https://im.mashina.kg/tachka/images//4/f/2/4f2576e2f578bfc81ed0b83e38a8a6ef_240x180.jpg|$ 45 000|['2021 г., 2.2 л., робот', 'внедорожник 5 дв., дизель', 'руль слева, 31 700 км']
BMW X7|https://im.mashina.kg/tachka/images//6/e/0/6e0dc61c9604e2f1eb139bbcf7760069_240x180.jpg|$ 85 000|['2020 г., 3 л., автомат', 'внедорожник 5 дв., дизель', 'руль слева, 70 000 км']
Toyota Land Cruiser|https://im.mashina.kg/tachka/images//a/2/c/a2cd1fdcea39d9991ee2821a45ce160d_240x180.jpg|$ 75 000|['2018 г., 4.5 л., автомат', 'внедорожник 5 дв., дизель', 'руль слева, 75 000 км']
Lexus RX|https://im.mashina.kg/tachka/images//f/9/7/f97aed91ca3fb23cd283b5f7cd75ad39_240x180.jpg|$ 38 000|['2017 г., 3.5 л., автомат', 'внедорожник 5 дв., бензин', 'руль слева, 200 000 км']
BMW X5|https://im.mashina.kg/tachka/images//2/a/2/2a2b770d793ec54354f46f17404a6bcc_240x180.jpg|$ 36 500|['2016 г., 3 л., автомат', 'внедорожник 5 дв., дизель', 'руль слева, 200 000 км']
Lexus LX|https://im.mashina.kg/tachka/images//d/e/1/de1ef09cc23720b5c30faf3cbfe21073_240x180.jpg|$ 63 000|['2015 г., 5.7 л., автомат', 'внедорожник 5 дв., бензин', 'руль слева, 92 000 км']
Kia K5 II Седан|https://im.mashina.kg/tachka/images//f/7/6/f76e2b597687c1f1b8ee45d72874db32_240x180.jpg|$ 11 600|['2017 г., 2 л., автомат', 'седан, газ', 'руль слева, 179 000 км']
Kia Optima|https://im.mashina.kg/tachka/images//5/5/9/55940b2377f3de26691cc1df2eb614f6_240x180.jpg|$ 13 900|['2017 г., 2.4 л., автомат', 'седан, бензин', 'руль слева, 70 000 км']
Hyundai Sonata|https://im.mashina.kg/tachka/images//4/2/c/42c2d40aebc2376622b6b9b9f36fc7b0_240x180.jpg|$ 21 500|['2019 г., 2 л., автомат', 'седан, бензин / газ', 'руль слева, 125 000 км']
Toyota Camry|https://im.mashina.kg/tachka/images//c/2/b/c2b55c74ad1889970430e79f415e920a_240x180.jpg|$ 16 200|['2017 г., 2.5 л., автомат', 'седан, бензин', 'руль слева, 199 000 км']
Toyota Camry|https://im.mashina.kg/tachka/images//5/7/1/5710626092602f03c363c3c78c5b4837_240x180.jpg|$ 18 500|['2016 г., 2.5 л., автомат', 'седан, бензин', 'руль слева, 130 000 км']
Toyota Avalon|https://im.mashina.kg/tachka/images//7/d/2/7d2df8405a5c8aeda45a81e6cd6dfe1b_240x180.jpg|$ 18 500|['2013 г., 2.5 л., вариатор', 'седан, гибрид', 'руль слева, 90 000 км']
Geely Monjaro|https://im.mashina.kg/tachka/images//a/9/4/a944f60440f2aa82b35d9cb44d970d89_240x180.jpg|$ 31 100|['2023 г., 2 л., автомат', 'внедорожник 5 дв., бензин', 'руль слева']
Land Rover Range Rover|https://im.mashina.kg/tachka/images//2/f/1/2f11f866f227eff6458a57ab520ffeb2_240x180.jpg|$ 25 000|['2010 г., 4.4 л., автомат', 'внедорожник 5 дв., дизель', 'руль слева, 245 000 км']
Toyota Camry|https://im.mashina.kg/tachka/images//8/f/7/8f7327fe11ef5975c8e313be494c0096_240x180.jpg|$ 19 000|['2017 г., 2.5 л., вариатор', 'седан, гибрид', 'руль слева, 50 000 км']
Subaru Outback|https://im.mashina.kg/tachka/images//c/9/b/c9b854189a1b3ea12b686d7ee7a2d07a_240x180.jpg|$ 28 500|['2020 г., 2.5 л., вариатор', 'универсал, бензин', 'руль слева, 13 500 км']
GMC Hummer EV|https://im.mashina.kg/tachka/images//5/5/c/55cae75dfaffbd0d385c3f6cc6e685f7_240x180.jpg|$ 320 000|['2023 г., автомат', 'пикап двойная кабина, электро', 'руль слева, 3 000 км']
ВАЗ (Lada) 2107|https://im.mashina.kg/tachka/images//e/d/7/ed7afba0df4022c00861471d2bb6325f_240x180.jpg|$ 4 022|['2010 г., 1.6 л., механика', 'седан, бензин', 'руль слева, 10 000 км']
Kia Mohave (Borrego)|https://im.mashina.kg/tachka/images//7/5/0/7503b807086623045e7761299911539a_240x180.jpg|$ 39 500|['2020 г., 3 л., автомат', 'внедорожник 5 дв., дизель', 'руль слева, 44 500 км']
Subaru Outback|https://im.mashina.kg/tachka/images//5/b/2/5b2c32a595231f6200dcebb976c2dd53_240x180.jpg|$ 18 700|['2016 г., 2.5 л., вариатор', 'универсал, бензин', 'руль слева, 260 000 км']
Toyota Camry|https://im.mashina.kg/tachka/images//b/9/9/b99c8fd69c5f49b92d435ddd055e6737_240x180.jpg|$ 17 800|['2017 г., 2.5 л., автомат', 'седан, бензин', 'руль слева, 275 000 км']
Mercedes-Benz E-класс AMG|https://im.mashina.kg/tachka/images//4/c/2/4c2c43e4777a4da3d7f84e1db7512916_240x180.jpg|$ 93 000|['2018 г., 4 л., автомат', 'седан, бензин', 'руль слева, 34 000 км']
Toyota Camry|https://im.mashina.kg/tachka/images//a/6/1/a61f34ea4d3d052320399822eebca10a_240x180.jpg|$ 15 800|['2015 г., 2.5 л., вариатор', 'седан, гибрид', 'руль слева, 150 000 км']
Lexus LX|https://im.mashina.kg/tachka/images//e/b/9/eb967260547730d07ef72e118e3e4858_240x180.jpg|$ 34 500|['2008 г., 5.7 л., автомат', 'внедорожник 5 дв., бензин', 'руль слева, 170 000 км']
Toyota Camry|https://im.mashina.kg/tachka/images//e/f/3/ef3cf1451f671cf2a3164d2f91e766cf_240x180.jpg|$ 32 000|['2019 г., 2.5 л., автомат', 'седан, бензин', 'руль слева, 62 000 км']
Subaru Outback|https://im.mashina.kg/tachka/images//c/c/e/ccea9cb4e439771648fe2cf4dc8783a2_240x180.jpg|$ 19 500|['2017 г., 2.5 л., вариатор', 'универсал, бензин', 'руль слева, 107 000 км']
BYD Tang|https://im.mashina.kg/tachka/images//9/b/c/9bca82c578582ac9320201cad868ce72_240x180.jpg|$ 44 000|['2021 г., автомат', 'внедорожник 5 дв., электро', 'руль слева, 29 000 км']
Lexus RX|https://im.mashina.kg/tachka/images//2/6/b/26b7263138898edc8f63486d2aa38909_240x180.jpg|$ 37 000|['2019 г., 3.5 л., автомат', 'внедорожник 5 дв., бензин', 'руль слева, 25 480 км']
Hyundai Santa Fe|https://im.mashina.kg/tachka/images//6/7/a/67a158716a06cb0f37e716c35f0e47c5_240x180.jpg|$ 36 000|['2023 г., 2.5 л., автомат', 'внедорожник 5 дв., бензин', 'руль слева, 3 300 км']
Changan UNI-K|https://im.mashina.kg/tachka/images//5/6/f/56f60669bbf4d99c2d5e678f3690ca83_240x180.jpg|$ 29 500|['2023 г., 2 л., автомат', 'внедорожник 5 дв., бензин', 'руль слева, 30 км']
Hyundai Palisade|https://im.mashina.kg/tachka/images//9/5/e/95e180d2a2b622232eda4715ba842074_240x180.jpg|$ 35 000|['2020 г., 2.2 л., автомат', 'внедорожник 5 дв., дизель', 'руль слева, 100 000 км']
LiXiang L9|https://im.mashina.kg/tachka/images//c/b/9/cb9ab8c8cb1cbb22b871af23927ec959_240x180.jpg|$ 68 500|['2023 г., 1.5 л., автомат', 'внедорожник 5 дв., гибрид', 'руль слева, 10 км']
Skoda Kodiaq|https://im.mashina.kg/tachka/images//9/9/f/99f22c0e1a88dc4a4e1270e154c34b18_240x180.jpg|$ 42 300|['2023 г., 2 л., робот', 'внедорожник 5 дв., бензин', 'руль слева, 8 км']
Geely Xingyue L|https://im.mashina.kg/tachka/images//b/3/5/b35328eedae3c015494e1e99eb704a15_240x180.jpg|$ 32 100|['2023 г., 2 л., автомат', 'внедорожник 5 дв., бензин', 'руль слева, 10 км']
Kia Soul|https://im.mashina.kg/tachka/images//2/2/9/22999699196437c639f9094397fcc410_240x180.jpg|$ 12 700|['2018 г., 1.6 л., автомат', 'хэтчбек 5 дв., бензин', 'руль слева, 55 000 км']
Toyota Camry|https://im.mashina.kg/tachka/images//0/0/6/006b1ed34f686e2ff2c2af487613104e_240x180.jpg|$ 20 500|['2016 г., 2.5 л., автомат', 'седан, бензин', 'руль слева, 131 000 км']
Toyota Camry|https://im.mashina.kg/tachka/images//5/c/3/5c34e67f8d58b72ca08b2d8d25ef7152_240x180.jpg|$ 17 700|['2013 г., 2.5 л., автомат', 'седан, бензин', 'руль слева, 167 000 км']
Lexus RX|https://im.mashina.kg/tachka/images//8/6/1/861b430a904379d6ae16398df8135067_240x180.jpg|$ 23 500|['2011 г., 3.5 л., автомат', 'внедорожник 5 дв., бензин', 'руль слева, 112 000 км']
Toyota Land Cruiser Prado|https://im.mashina.kg/tachka/images//6/2/6/626b6d7c5f7f0f05dbe151ded418cbb1_240x180.jpg|$ 27 800|['2008 г., 3 л., автомат', 'внедорожник 5 дв., дизель', 'руль слева, 212 000 км']
Kia Carnival|https://im.mashina.kg/tachka/images//7/7/c/77c03be382f2dabcbbac13469b675852_240x180.jpg|$ 18 900|['2016 г., 2.2 л., автомат', 'минивэн, дизель', 'руль слева, 160 000 км']
Toyota Land Cruiser Prado|https://im.mashina.kg/tachka/images//f/3/9/f393192fe38e84fa3756b38d6c6488c7_240x180.jpg|$ 36 000|['2015 г., 2.7 л., автомат', 'внедорожник 5 дв., бензин', 'руль слева, 180 000 км']
Hyundai Sonata|https://im.mashina.kg/tachka/images//c/c/a/ccae122747c8cbd2b0dcbac92bf15273_240x180.jpg|$ 22 500|['2019 г., 2 л., автомат', 'седан, бензин / газ', 'руль слева, 130 000 км']
BMW X5|https://im.mashina.kg/tachka/images//d/0/9/d098bd2df9eb147b085aea6e9d93cc56_240x180.jpg|$ 67 000|['2019 г., 3 л., автомат', 'внедорожник 5 дв., дизель', 'руль слева, 103 000 км']
Land Rover Range Rover|https://im.mashina.kg/tachka/images//c/3/8/c388154f27469521edae26ead41ab83d_240x180.jpg|$ 62 000|['2016 г., 5 л., автомат', 'внедорожник 5 дв., бензин', 'руль слева, 107 000 км']
Lexus ES|https://im.mashina.kg/tachka/images//c/d/d/cdde78e0042395d11aba237b5d7c894f_240x180.jpg|$ 26 900|['2016 г., 2.5 л., вариатор', 'седан, гибрид', 'руль слева, 140 000 км']
Kia Sorento|https://im.mashina.kg/tachka/images//5/e/9/5e9fd47e516dce24bfdde1e36391322f_240x180.jpg|$ 18 700|['2016 г., 2 л., автомат', 'внедорожник 5 дв., дизель', 'руль слева, 163 000 км']
LiXiang L9|https://im.mashina.kg/tachka/images//5/f/3/5f3bdd979fc8df6571466e3abb7e6224_240x180.jpg|$ 72 000|['2023 г., 1.5 л., автомат', 'внедорожник 5 дв., гибрид', 'руль слева, 20 км']
Mitsubishi Delica|https://im.mashina.kg/tachka/images//e/e/9/ee9322c9382dd926da8506de99b936de_240x180.jpg|$ 12 500|['2003 г., 3 л., автомат', 'минивэн, бензин', 'руль справа, 402 472 км']
Lexus RX|https://im.mashina.kg/tachka/images//6/1/d/61d91f2eaa423b8fa787d6c00c575a2b_240x180.jpg|$ 15 500|['2008 г., 3.5 л., автомат', 'внедорожник 5 дв., бензин', 'руль слева, 297 707 км']
Toyota Camry|https://im.mashina.kg/tachka/images//d/a/7/da73ace20ce5a3fbc3dff3b1a612f82d_240x180.jpg|$ 25 700|['2019 г., 2.5 л., автомат', 'седан, бензин', 'руль слева, 70 000 км']
Mercedes-Benz C-Класс|https://im.mashina.kg/tachka/images//a/d/a/ada201ff3516117a97219a5c720df664_240x180.jpg|$ 8 300|['2006 г., 1.8 л., автомат', 'седан, бензин', 'руль слева, 269 000 км']
Kia Sportage|https://im.mashina.kg/tachka/images//1/8/d/18d11e0ea96df6133edeca5ec1484102_240x180.jpg|$ 19 500|['2017 г., 1.7 л., робот', 'внедорожник 5 дв., дизель', 'руль слева, 130 000 км']
Kia Sorento|https://im.mashina.kg/tachka/images//2/9/d/29d5cf548b2d78673418254597be5b80_240x180.jpg|$ 19 500|['2016 г., 2 л., автомат', 'внедорожник 5 дв., дизель', 'руль слева, 130 000 км']
Lexus LX|https://im.mashina.kg/tachka/images//4/3/a/43a6618fe8a3bdd9cd067ba2e8c91ebe_240x180.jpg|$ 54 500|['2013 г., 5.7 л., автомат', 'внедорожник 5 дв., бензин', 'руль слева, 139 000 км']
BMW 5 серии|https://im.mashina.kg/tachka/images//0/b/f/0bf4e5b9b672b218cd81f6cbcd83c68e_240x180.jpg|$ 32 000|['2016 г., 3 л., автомат', 'седан, бензин', 'руль слева, 145 000 км']
BMW X5|https://im.mashina.kg/tachka/images//5/6/4/564b1899ab5d03c142c5e9c7b042e58b_240x180.jpg|$ 40 000|['2016 г., 4.4 л., автомат', 'внедорожник 5 дв., бензин', 'руль слева, 161 000 км']
Toyota Camry|https://im.mashina.kg/tachka/images//6/5/0/65008fcfd7582b67c135236ec82ef8a5_240x180.jpg|$ 34 900|['2022 г., 2.5 л., автомат', 'седан, бензин', 'руль слева, 900 км']
Honda Jazz|https://im.mashina.kg/tachka/images//8/3/c/83c955d39719c9d4a816969ef6cbf1c8_240x180.jpg|$ 8 400|['2007 г., 1.3 л., вариатор', 'хэтчбек 5 дв., бензин', 'руль слева, 200 000 км']
Lexus LX|https://im.mashina.kg/tachka/images//0/d/b/0db60995aa328ddc27470760e613e6ed_240x180.jpg|$ 34 500|['2008 г., 5.7 л., автомат', 'внедорожник 5 дв., бензин', 'руль слева, 170 000 км']
Kia Carnival|https://im.mashina.kg/tachka/images//2/7/2/2727f5d05eba257b85a9c37d49fb8d2a_240x180.jpg|$ 37 000|['2021 г., 2.2 л., автомат', 'минивэн, дизель', 'руль слева, 29 000 км']
BMW X5|https://im.mashina.kg/tachka/images//4/0/f/40fc63967fd8d43e048d0f31418a0ade_240x180.jpg|$ 43 000|['2014 г., 4.4 л., автомат', 'внедорожник 5 дв., бензин', 'руль слева, 120 000 км']
Genesis GV80|https://im.mashina.kg/tachka/images//1/e/9/1e9f4fff0af0dec702b87592aefea7f0_240x180.jpg|$ 83 000|['2021 г., 3.5 л., автомат', 'внедорожник 5 дв., бензин', 'руль слева, 4 300 км']
LiXiang L9|https://im.mashina.kg/tachka/images//d/2/9/d29b5fc866bd00406d03e2978b9e018a_240x180.jpg|$ 70 600|['2023 г., 1.5 л., автомат', 'внедорожник 5 дв., гибрид', 'руль слева, 25 км']
Subaru Forester|https://im.mashina.kg/tachka/images//7/c/1/7c16d7fffb7b091325658316d458ab86_240x180.jpg|$ 19 500|['2020 г., 2.5 л., вариатор', 'внедорожник 5 дв., бензин', 'руль слева, 94 000 км']
Kia Telluride|https://im.mashina.kg/tachka/images//c/4/a/c4a61d31002709873bc47e60189047c2_240x180.jpg|$ 38 500|['2019 г., 3.8 л., автомат', 'внедорожник 5 дв., бензин', 'руль слева, 45 000 км']
Toyota 4Runner|https://im.mashina.kg/tachka/images//2/e/b/2eb806ce01fcb85537784443ee977d26_240x180.jpg|$ 24 500|['2006 г., 4 л., автомат', 'внедорожник 5 дв., бензин', 'руль слева, 122 000 км']
Subaru Outback|https://im.mashina.kg/tachka/images//6/c/9/6c92c9a83fab60e41ccebee1d5450328_240x180.jpg|$ 18 500|['2017 г., 2.5 л., вариатор', 'универсал, бензин', 'руль слева, 84 600 км']
Toyota ISis|https://im.mashina.kg/tachka/images//0/f/6/0f6c34db9116e033d529c82bcd36ebb8_240x180.jpg|$ 7 900|['2005 г., 1.8 л., автомат', 'компактвэн, бензин', 'руль справа, 191 000 км']
Toyota Sienna|https://im.mashina.kg/tachka/images//6/8/2/682d17f4b7c08ca88401c0936d89782d_240x180.jpg|$ 21 000|['2011 г., 3.5 л., автомат', 'минивэн, бензин', 'руль слева, 154 000 км']
Toyota Highlander|https://im.mashina.kg/tachka/images//2/3/e/23e0eb4a7858a8e01dfb73c7b003310f_240x180.jpg|$ 36 000|['2020 г., 2.5 л., автомат', 'внедорожник 5 дв., гибрид', 'руль слева, 25 000 км']
Toyota Land Cruiser Prado|https://im.mashina.kg/tachka/images//1/3/6/136932f11dc078abf211a185c0d7922f_240x180.jpg|$ 65 500|['2022 г., 2.8 л., автомат', 'внедорожник 5 дв., дизель', 'руль слева, 19 км']
Toyota Land Cruiser Prado|https://im.mashina.kg/tachka/images//e/6/5/e652271c3a2e759f45220fd73b4490d1_240x180.jpg|$ 66 500|['2022 г., 2.8 л., автомат', 'внедорожник 5 дв., дизель', 'руль слева, 50 км']
SsangYong Rexton Sports|https://im.mashina.kg/tachka/images//6/c/a/6ca4dc5b4a52787190df5ca6801d3605_240x180.jpg|$ 43 000|['2022 г., 2.2 л., автомат', 'пикап двойная кабина, дизель', 'руль слева, 72 км']
Toyota Prius|https://im.mashina.kg/tachka/images//c/9/7/c9706f406909a56918b3dce24e38c41f_240x180.jpg|$ 15 200|['2016 г., 1.8 л., вариатор', 'лифтбек, гибрид', 'руль слева, 143 000 км']
Hyundai Palisade|https://im.mashina.kg/tachka/images//8/0/b/80bd431c632a8a8d396303c0ad04b36c_240x180.jpg|$ 44 500|['2020 г., 2.2 л., автомат', 'внедорожник 5 дв., дизель', 'руль слева, 74 000 км']
Geely Monjaro|https://im.mashina.kg/tachka/images//e/9/8/e98548226fb45961f6709c0e5c5c8894_240x180.jpg|$ 32 500|['2023 г., 2 л., автомат', 'внедорожник 5 дв., бензин', 'руль слева']
Toyota RAV4|https://im.mashina.kg/tachka/images//6/9/e/69ebfc69bfd8ee1ded3eb422e7b46228_240x180.jpg|$ 28 000|['2019 г., 2.5 л., автомат', 'внедорожник 5 дв., гибрид', 'руль слева, 120 000 км']
Voyah Free|https://im.mashina.kg/tachka/images//1/a/0/1a02430ba65509eb3f45d620504f5819_240x180.jpg|$ 38 400|['2023 г., 1.5 л., автомат', 'внедорожник 5 дв., гибрид', 'руль слева']
Toyota Highlander|https://im.mashina.kg/tachka/images//0/3/7/037e58209ccd9e89bb0d621fb206509a_240x180.jpg|$ 61 000|['2023 г., 2.5 л., автомат', 'внедорожник 5 дв., гибрид', 'руль слева, 1 500 км']
Toyota Alphard|https://im.mashina.kg/tachka/images//5/a/0/5a056ad80d61d1a316be00611daf890d_240x180.jpg|$ 16 500|['2006 г., 3 л., автомат', 'минивэн, бензин', 'руль справа, 73 000 км']
Kia Sportage|https://im.mashina.kg/tachka/images//3/9/c/39cf1f34eca9e79bd75cb9d8a55d8679_240x180.jpg|$ 17 300|['2019 г., 2 л., автомат', 'внедорожник 5 дв., дизель', 'руль слева, 215 000 км']
Land Rover Range Rover|https://im.mashina.kg/tachka/images//a/d/3/ad35c392a6282967c38dcf9a7ca15552_240x180.jpg|$ 115 000|['2019 г., 2 л., автомат', 'внедорожник 5 дв., гибрид', 'руль слева, 38 000 км']
Geely Monjaro|https://im.mashina.kg/tachka/images//6/b/f/6bf0f73ba5b0870b0043e5fe4ca16369_240x180.jpg|$ 35 000|['2023 г., 2 л., автомат', 'внедорожник 5 дв., бензин', 'руль слева, 400 км']
Changan UNI-K|https://im.mashina.kg/tachka/images//b/8/3/b834884cd93133343e61a9574a07ca88_240x180.jpg|$ 24 700|['2023 г., 2 л., автомат', 'внедорожник 5 дв., бензин', 'руль слева, 25 км']
Kia Sportage|https://im.mashina.kg/tachka/images//a/e/8/ae887f2ddfa09a8c7518bbe1b77b1d58_240x180.jpg|$ 18 900|['2017 г., 2 л., автомат', 'внедорожник 5 дв., дизель', 'руль слева, 123 000 км']
Voyah Free|https://im.mashina.kg/tachka/images//c/2/9/c293795bbb3716d2218930594690e9f9_240x180.jpg|$ 45 000|['2023 г., 1.5 л., автомат', 'внедорожник 5 дв., гибрид', 'руль слева, 1 км']
Hyundai Elantra|https://im.mashina.kg/tachka/images//b/0/8/b088b642d09fb63152496b984baad25b_240x180.jpg|$ 16 000|['2023 г., 1.4 л., робот', 'седан, бензин', 'руль слева, 5 км']
Toyota Avalon|https://im.mashina.kg/tachka/images//a/8/1/a812516338d7465aa174d114223c0238_240x180.jpg|$ 29 000|['2023 г., 2 л., вариатор', 'седан, бензин', 'руль слева, 5 км']
Changan UNI-K|https://im.mashina.kg/tachka/images//9/5/5/955fbb6080e6dcf962d2442f9893091e_240x180.jpg|$ 29 000|['2023 г., 2 л., автомат', 'внедорожник 5 дв., бензин', 'руль слева, 5 км']
Lexus RX|https://im.mashina.kg/tachka/images//f/f/c/ffc65693618b324084690f601c756146_240x180.jpg|$ 81 500|['2023 г., 2.4 л., автомат', 'внедорожник 5 дв., бензин', 'руль слева, 75 км']
Geely Monjaro|https://im.mashina.kg/tachka/images//3/2/6/326623d9ca83cfc23bfd3ccbb40b4040_240x180.jpg|$ 31 800|['2023 г., 2 л., автомат', 'внедорожник 5 дв., бензин', 'руль слева, 1 км']
Mercedes-Benz E-класс|https://im.mashina.kg/tachka/images//5/4/a/54ad0c9d677b7853713af16a56bf7a76_240x180.jpg|$ 17 500|['2011 г., 3 л., автомат', 'седан, бензин', 'руль слева, 139 000 км']
Toyota Land Cruiser|https://im.mashina.kg/tachka/images//c/0/6/c060f4b0b7b68fbdae61c7fcecd88f8c_240x180.jpg|$ 55 000|['2013 г., 4.6 л., автомат', 'внедорожник 5 дв., бензин', 'руль слева, 146 000 км']
Volkswagen ID.4|https://im.mashina.kg/tachka/images//0/0/6/006286b3e98eb747f3a04f88ce96b100_240x180.jpg|$ 28 500|['2022 г., автомат', 'внедорожник 5 дв., электро', 'руль слева, 20 км']
Mercedes-Benz G-класс AMG|https://im.mashina.kg/tachka/images//a/1/8/a18fba0b93f185271bbda0b9de6f5549_240x180.jpg|$ 169 000|['2019 г., 4 л., автомат', 'внедорожник 5 дв., бензин', 'руль слева, 95 000 км']
Lexus RX|https://im.mashina.kg/tachka/images//9/8/e/98efcb45f68d5a478e590dbfc8682b49_240x180.jpg|$ 57 000|['2019 г., 3.5 л., вариатор', 'внедорожник 5 дв., гибрид', 'руль слева, 52 000 км']
Kia Carnival|https://im.mashina.kg/tachka/images//4/f/8/4f8d24e0fbc3ecc11d88582114aa3852_240x180.jpg|$ 57 500|['2023 г., 3.5 л., автомат', 'минивэн, бензин', 'руль слева']
Honda Stepwgn|https://im.mashina.kg/tachka/images//5/4/9/54978d3f96698971367f543e1e236656_240x180.jpg|$ 10 700|['2005 г., 2 л., автомат', 'минивэн, бензин', 'руль справа, 105 000 км']
Geely Monjaro|https://im.mashina.kg/tachka/images//5/4/5/545cedda463ddee7b12bf9b554ecbcae_240x180.jpg|$ 31 500|['2023 г., 2 л., автомат', 'внедорожник 5 дв., бензин', 'руль слева, 20 км']
Geely Coolray|https://im.mashina.kg/tachka/images//3/8/a/38a58ecd9f11927a4329209b9d86b6b6_240x180.jpg|$ 18 900|['2023 г., 1.5 л., робот', 'внедорожник 5 дв., бензин', 'руль слева, 60 км']
Geely Atlas Pro|https://im.mashina.kg/tachka/images//6/a/d/6ad0a38fccdb24e810fb324b53ee675f_240x180.jpg|$ 25 000|['2023 г., 1.5 л., автомат', 'внедорожник 5 дв., бензин', 'руль слева, 10 км']
BMW X5|https://im.mashina.kg/tachka/images//5/5/8/5583575c97f8a4c93ffa18f38e1735ac_240x180.jpg|$ 42 800|['2018 г., 3 л., автомат', 'внедорожник 5 дв., бензин', 'руль слева, 72 000 км']
Hyundai Grandeur|https://im.mashina.kg/tachka/images//e/9/d/e9dfe92033ad6d8a74c40fe7d1d5350b_240x180.jpg|$ 18 200|['2018 г., 3 л., автомат', 'седан, газ', 'руль слева, 215 000 км']
Kia K5 II Седан|https://im.mashina.kg/tachka/images//d/5/e/d5e2e20ab05f190211c7d1aa3bc4de40_240x180.jpg|$ 14 600|['2017 г., 2 л., автомат', 'седан, газ', 'руль слева, 167 000 км']
Hyundai Santa Fe|https://im.mashina.kg/tachka/images//0/8/f/08fd7d0828339077bd1214d943761578_240x180.jpg|$ 28 700|['2018 г., 2.2 л., автомат', 'внедорожник 5 дв., дизель', 'руль слева, 165 000 км']
Toyota Wish|https://im.mashina.kg/tachka/images//1/5/6/156e650b13596a7c6dea7a95c70e6dc6_240x180.jpg|$ 8 350|['2003 г., 1.8 л., автомат', 'компактвэн, бензин', 'руль справа, 280 000 км']
Fiat 500|https://im.mashina.kg/tachka/images//5/a/0/5a063de24a88bce95b90022358f9a331_240x180.jpg|$ 7 200|['2012 г., 1.4 л., автомат', 'хэтчбек 3 дв., бензин', 'руль слева, 219 000 км']
Lexus GX|https://im.mashina.kg/tachka/images//e/0/3/e03fc33f24c03307f9ca52a5d631b269_240x180.jpg|$ 27 000|['2006 г., 4.7 л., автомат', 'внедорожник 5 дв., бензин', 'руль слева, 195 000 км']
Toyota Alphard|https://im.mashina.kg/tachka/images//1/4/7/147f9f0957086d670a0c835c720873d2_240x180.jpg|$ 14 700|['2004 г., 3 л., автомат', 'минивэн, бензин', 'руль справа, 112 000 км']
Kia Carnival|https://im.mashina.kg/tachka/images//1/0/4/104ec8e944f1c9622b7c6b5d2d8f6753_240x180.jpg|$ 41 000|['2022 г., 2.2 л., автомат', 'минивэн, дизель', 'руль слева, 9 000 км']
BMW X5|https://im.mashina.kg/tachka/images//c/a/6/ca6676e5e21bf3bf092fffd5479b5e41_240x180.jpg|$ 23 500|['2012 г., 3 л., автомат', 'внедорожник 5 дв., бензин', 'руль слева, 200 000 км']
Land Rover Range Rover|https://im.mashina.kg/tachka/images//4/b/1/4b1ec0bf4d82bfb44a73633635397645_240x180.jpg|$ 105 000|['2018 г., 4.4 л., автомат', 'внедорожник 5 дв., дизель', 'руль слева, 65 000 км']
Kia Sportage|https://im.mashina.kg/tachka/images//6/f/9/6f9a6f2f632eccc6679d14b472f544f6_240x180.jpg|$ 35 900|['2022 г., 1.6 л., робот', 'внедорожник 5 дв., бензин', 'руль слева, 15 000 км']
BMW 5 серии|https://im.mashina.kg/tachka/images//7/7/6/77659395dc7bcc5c5bae0c7c8ace98d9_240x180.jpg|$ 33 500|['2017 г., 2 л., автомат', 'седан, дизель', 'руль слева, 130 000 км']
Subaru Legacy Lancaster|https://im.mashina.kg/tachka/images//2/1/3/213a926df7f1a727bf2b05d5c2d138c1_240x180.jpg|$ 5 500|['2000 г., 3 л., автомат', 'универсал, бензин', 'руль справа, 330 000 км']
Lexus GX|https://im.mashina.kg/tachka/images//c/a/8/ca8ec937cadeb70b37324b97fdd74e58_240x180.jpg|$ 26 000|['2007 г., 4.7 л., автомат', 'внедорожник 5 дв., бензин', 'руль слева, 179 200 км']
Kia Carnival|https://im.mashina.kg/tachka/images//6/2/0/6208abbc00be2c5fd9ec2a32a4b9bc1e_240x180.jpg|$ 35 999|['2020 г., 2.2 л., автомат', 'минивэн, дизель', 'руль слева, 44 000 км']
Hyundai Palisade|https://im.mashina.kg/tachka/images//8/b/d/8bdf1bc4d3d865789d564cbd5220c4e1_240x180.jpg|$ 70 000|['2023 г., 2.2 л., автомат', 'внедорожник 5 дв., дизель', 'руль слева']
Toyota Camry|https://im.mashina.kg/tachka/images//d/e/0/de052c6147c54c9514299105dc73c39f_240x180.jpg|$ 30 000|['2019 г., 2.5 л., автомат', 'седан, бензин', 'руль слева, 74 000 км']
Subaru Forester|https://im.mashina.kg/tachka/images//7/4/a/74ab314a1e93a6fc9756381ba24bb350_240x180.jpg|$ 16 950|['2017 г., 2.5 л., вариатор', 'внедорожник 5 дв., бензин', 'руль слева, 88 000 км']
Toyota Camry|https://im.mashina.kg/tachka/images//b/9/4/b947f9205284dfe3e78ac1b04f8503ca_240x180.jpg|$ 14 999|['2014 г., 2.5 л., автомат', 'седан, бензин', 'руль слева, 150 000 км']
Kia Carnival|https://im.mashina.kg/tachka/images//1/6/c/16c2b8c247dbf41e6d82570736679d4b_240x180.jpg|$ 17 900|['2016 г., 2.2 л., автомат', 'минивэн, дизель', 'руль слева, 179 000 км']
Kia K7|https://im.mashina.kg/tachka/images//5/0/5/5059553ad0df6a9c2970266aca6bff12_240x180.jpg|$ 26 500|['2019 г., 2.5 л., автомат', 'седан, бензин', 'руль слева, 112 000 км']
Kia Rio|https://im.mashina.kg/tachka/images//e/3/b/e3b54379583c0142f8956e27762547e8_240x180.jpg|$ 20 800|['2021 г., 1.6 л., автомат', 'хэтчбек 5 дв., бензин', 'руль слева, 30 000 км']
BMW 5 серии|https://im.mashina.kg/tachka/images//c/b/c/cbc56f8df7743021d3cd1035076be491_240x180.jpg|$ 48 600|['2020 г., 2 л., автомат', 'седан, бензин', 'руль слева, 42 000 км']
Zeekr 001|https://im.mashina.kg/tachka/images//0/a/a/0aa3260f6555b15a6774efb9543c8ec1_240x180.jpg|"
                                                                                                    $
                                                                                                41 910
                                                                                            "|['2023 г., автомат', 'лифтбек, электро', 'руль слева']
Changan UNI-K|https://im.mashina.kg/tachka/images//d/c/6/dc6f79f288fe8b970764e3342f51277f_240x180.jpg|$ 24 700|['2023 г., 2 л., автомат', 'внедорожник 5 дв., бензин', 'руль слева']
Kia K7|https://im.mashina.kg/tachka/images//a/6/c/a6c8d305979fc68a57b85aabc4d8cbb0_240x180.jpg|$ 21 500|['2020 г., 3 л., автомат', 'седан, газ', 'руль слева, 243 000 км']
LiXiang L9|https://im.mashina.kg/tachka/images//f/6/4/f64da992bb98bf3df24d981a47270b4e_240x180.jpg|$ 73 000|['2023 г., 1.5 л., автомат', 'внедорожник 5 дв., гибрид', 'руль слева, 25 км']
LiXiang L9|https://im.mashina.kg/tachka/images//6/e/f/6ef8427cf4ad988e7671b5d92dfca8fd_240x180.jpg|$ 72 000|['2023 г., 1.5 л., автомат', 'внедорожник 5 дв., гибрид', 'руль слева, 36 км']
Changan UNI-T|https://im.mashina.kg/tachka/images//f/f/3/ff3c0115d8142a3e617b13fb7dd5960f_240x180.jpg|$ 24 000|['2023 г., 1.5 л., робот', 'внедорожник 5 дв., бензин', 'руль слева, 35 км']
LiXiang L9|https://im.mashina.kg/tachka/images//b/8/0/b80d9e8300fcf91de0a523a53bebd7bd_240x180.jpg|$ 73 000|['2023 г., 1.5 л., автомат', 'внедорожник 5 дв., гибрид', 'руль слева, 30 км']
LiXiang L9|https://im.mashina.kg/tachka/images//d/e/7/de75b4fdbf45aae5e919f7a6972aec71_240x180.jpg|$ 73 500|['2023 г., 1.5 л., автомат', 'внедорожник 5 дв., гибрид', 'руль слева, 5 км']
Geely Coolray|https://im.mashina.kg/tachka/images//a/f/8/af815b1a56797286cba1f6f94496a147_240x180.jpg|$ 21 900|['2023 г., 1.5 л., робот', 'внедорожник 5 дв., бензин', 'руль слева, 10 км']
Kia Sportage|https://im.mashina.kg/tachka/images//e/b/6/eb67942b332e9eb537c9de6d185ef521_240x180.jpg|$ 19 500|['2017 г., 2 л., автомат', 'внедорожник 5 дв., дизель', 'руль слева, 158 000 км']
Chevrolet Monza|https://im.mashina.kg/tachka/images//c/1/6/c16a0299fdfe9de33a69d416383dfff2_240x180.jpg|$ 17 400|['2023 г., 1.3 л., автомат', 'седан, бензин', 'руль слева, 6 км']
BMW X5|https://im.mashina.kg/tachka/images//2/9/4/2949d37fcbed0b7a3619b78618c7b792_240x180.jpg|$ 19 500|['2011 г., 3 л., автомат', 'внедорожник 5 дв., бензин', 'руль слева, 243 000 км']
Toyota Camry|https://im.mashina.kg/tachka/images//a/2/a/a2a2c07ee10678b832a65a0c7cfd939b_240x180.jpg|$ 25 200|['2018 г., 2.5 л., вариатор', 'седан, гибрид', 'руль слева, 50 000 км']
Renault Samsung SM6|https://im.mashina.kg/tachka/images//c/b/4/cb436d90740fb26d5530a72abc298b15_240x180.jpg|$ 12 500|['2016 г., вариатор', 'седан, газ', 'руль слева, 170 000 км']
LiXiang L7|https://im.mashina.kg/tachka/images//9/a/b/9ab30340a08033c51ab1b2e9564ca3b5_240x180.jpg|$ 62 000|['2023 г., 1.5 л., автомат', 'внедорожник 5 дв., гибрид', 'руль слева, 15 км']
Kia Sportage|https://im.mashina.kg/tachka/images//b/4/b/b4b102d6ea31c572276187c461a26b0e_240x180.jpg|$ 19 999|['2016 г., 2 л., автомат', 'внедорожник 5 дв., бензин', 'руль слева, 64 000 км']
EXEED RX|https://im.mashina.kg/tachka/images//2/a/b/2aba688bd1df7052661b0669da8e1b7c_240x180.jpg|$ 33 200|['2023 г., 2 л., робот', 'внедорожник 5 дв., бензин', 'руль слева, 30 км']
Toyota Camry|https://im.mashina.kg/tachka/images//9/8/e/98ed8992b869585d2b613debeb342390_240x180.jpg|$ 31 500|['2018 г., 2.5 л., автомат', 'седан, бензин', 'руль слева, 31 500 км']
Hyundai Palisade|https://im.mashina.kg/tachka/images//a/9/a/a9a156d02da2a6b3142f9579579380b5_240x180.jpg|$ 45 000|['2020 г., 3.8 л., автомат', 'внедорожник 5 дв., бензин', 'руль слева, 50 000 км']
GAC GS8|https://im.mashina.kg/tachka/images//0/3/d/03d15ee1ff0bfa7790682b9a28964110_240x180.jpg|$ 37 200|['2023 г., 2 л., автомат', 'внедорожник 5 дв., бензин', 'руль слева, 20 км']
Toyota Camry|https://im.mashina.kg/tachka/images//d/5/8/d58273b17ae9540c5bc08d780359194d_240x180.jpg|$ 34 000|['2023 г., 2.5 л., автомат', 'седан, бензин', 'руль слева, 20 км']
Hyundai Grandeur|https://im.mashina.kg/tachka/images//d/4/2/d42ac6b80045e01718b9cfd4feb7de47_240x180.jpg|$ 16 500|['2019 г., 3 л., автомат', 'седан, газ', 'руль слева, 158 000 км']
Lexus RX|https://im.mashina.kg/tachka/images//e/e/d/eed8d9f0382c931e7d40e81b0ef33a19_240x180.jpg|$ 14 000|['2007 г., 3.5 л., автомат', 'внедорожник 5 дв., бензин', 'руль слева, 230 000 км']
BMW X7|https://im.mashina.kg/tachka/images//d/e/e/dee979c5e0c2ea0424a95dfbb991723c_240x180.jpg|$ 185 000|['2023 г., 3 л., автомат', 'внедорожник 5 дв., дизель', 'руль слева, 1 км']
BMW X7|https://im.mashina.kg/tachka/images//f/d/6/fd69b0e602f8a81c22309c09b5bce7f3_240x180.jpg|$ 139 000|['2021 г., 3 л., автомат', 'внедорожник 5 дв., бензин', 'руль слева, 2 000 км']
Toyota Camry|https://im.mashina.kg/tachka/images//2/4/3/243d74231fc7ed4b822e3ccbf92a11d8_240x180.jpg|$ 23 500|['2018 г., 2.5 л., вариатор', 'седан, гибрид', 'руль слева, 155 000 км']
Zeekr 001|https://im.mashina.kg/tachka/images//3/3/9/339fbde5f3e5e104ae7c1a610b7573be_240x180.jpg|$ 61 500|['2023 г., автомат', 'лифтбек, электро', 'руль слева, 10 км']
LiXiang L9|https://im.mashina.kg/tachka/images//2/1/b/21b4ca4d4ce11737c15bd59e9ded78b2_240x180.jpg|$ 73 000|['2023 г., 1.5 л., автомат', 'внедорожник 5 дв., гибрид', 'руль слева, 10 км']
Lexus LX|https://im.mashina.kg/tachka/images//f/6/d/f6dd453de97765fba506dd9ec5a4abec_240x180.jpg|$ 50 000|['2013 г., 5.7 л., автомат', 'внедорожник 5 дв., бензин', 'руль слева, 166 000 км']
Kia Morning|https://im.mashina.kg/tachka/images//b/9/f/b9f0fd3e381be639c5e8c2f3f52ec5af_240x180.jpg|$ 9 700|['2017 г., 1 л., автомат', 'хэтчбек 5 дв., бензин', 'руль слева, 84 600 км']
Subaru Forester|https://im.mashina.kg/tachka/images//a/a/9/aa95896edffc734352f2dee4c3cb4325_240x180.jpg|$ 23 300|['2020 г., 2.5 л., вариатор', 'внедорожник 5 дв., бензин', 'руль слева, 60 000 км']
Lexus RX|https://im.mashina.kg/tachka/images//f/0/7/f077caf47095a63a59555f785d06f563_240x180.jpg|$ 11 500|['2001 г., 3 л., автомат', 'внедорожник 5 дв., бензин', 'руль слева, 209 214 км']
Kia Sportage|https://im.mashina.kg/tachka/images//4/f/8/4f8ef4cea6eab545bc76e7d9a75a04b8_240x180.jpg|$ 36 500|['2021 г., 2 л., автомат', 'внедорожник 5 дв., дизель', 'руль слева, 14 600 км']
BMW X5|https://im.mashina.kg/tachka/images//a/1/b/a1b257233b79816e71f067221158b934_240x180.jpg|$ 50 000|['2018 г., 3 л., автомат', 'внедорожник 5 дв., дизель', 'руль слева, 100 000 км']
Toyota Avalon|https://im.mashina.kg/tachka/images//1/6/3/16306711c8f4a9f6f31e347030415055_240x180.jpg|$ 19 999|['2016 г., 2.5 л., вариатор', 'седан, гибрид', 'руль слева, 89 000 км']
Lexus RX|https://im.mashina.kg/tachka/images//4/0/9/409c62307751d0ecccbe7783cb30d449_240x180.jpg|$ 72 000|['2021 г., 3.5 л., вариатор', 'внедорожник 5 дв., гибрид', 'руль слева, 22 060 км']
OMODA C5|https://im.mashina.kg/tachka/images//7/4/0/740ddd1f09367b9ecca9f8b90a4c64ec_240x180.jpg|$ 21 000|['2023 г., 1.5 л., вариатор', 'внедорожник 5 дв., бензин', 'руль слева, 30 км']
Geely Monjaro|https://im.mashina.kg/tachka/images//7/4/4/744bbaa5a938ccd63b797e41727e46a4_240x180.jpg|$ 26 700|['2023 г., 2 л., автомат', 'внедорожник 5 дв., бензин', 'руль слева']
EXEED RX|https://im.mashina.kg/tachka/images//a/5/6/a569bce2ccad2649622a78d8ad4901ad_240x180.jpg|$ 29 500|['2023 г., 2 л., робот', 'внедорожник 5 дв., бензин', 'руль слева']
Toyota Chaser|https://im.mashina.kg/tachka/images//a/d/8/ad8ef58c11aad5ee153f606b715ef325_240x180.jpg|$ 16 000|['2001 г., 3 л., автомат', 'седан, бензин', 'руль справа, 162 000 км']
Honda Accord|https://im.mashina.kg/tachka/images//0/c/1/0c15ed5e6a57cc3b529f42dde0393c6f_240x180.jpg|$ 10 800|['2008 г., 3.5 л., автомат', 'седан, бензин', 'руль слева, 200 000 км']
Toyota RAV4|https://im.mashina.kg/tachka/images//f/2/4/f24ff2f2f06cbbf059c1567681ad07d7_240x180.jpg|$ 33 800|['2023 г., 2 л., вариатор', 'внедорожник 5 дв., бензин', 'руль слева, 20 км']
Toyota Highlander|https://im.mashina.kg/tachka/images//6/8/e/68ed66ea3505d5c0fb157409d322e536_240x180.jpg|$ 11 111|['2002 г., 3 л., автомат', 'внедорожник 5 дв., бензин', 'руль слева, 150 000 км']
EXEED Yaoguang|https://im.mashina.kg/tachka/images//f/0/a/f0a262ee6e35068f57e9974f35d25ea9_240x180.jpg|$ 35 800|['2023 г., 2 л., робот', 'внедорожник 5 дв., бензин', 'руль слева']
Toyota Avalon|https://im.mashina.kg/tachka/images//9/4/9/949de37f798a89055dbd88337468b80c_240x180.jpg|$ 28 800|['2022 г., 2.5 л., автомат', 'седан, бензин', 'руль слева, 20 км']
Lexus RX|https://im.mashina.kg/tachka/images//d/3/1/d31a61a8c2ac39e62349e80d4699af3e_240x180.jpg|$ 73 700|['2021 г., 3.5 л., вариатор', 'внедорожник 5 дв., гибрид', 'руль слева, 18 700 км']
BMW 7 серии|https://im.mashina.kg/tachka/images//8/0/9/809b5e8b8cc2fc7b6841ebcefbf2f357_240x180.jpg|$ 50 000|['2017 г., 3 л., автомат', 'седан, дизель', 'руль слева, 120 000 км']
Hyundai Santa Fe|https://im.mashina.kg/tachka/images//f/7/7/f77aef4c03bc790b5e28dbd7dc18d697_240x180.jpg|$ 31 000|['2018 г., 2.2 л., автомат', 'внедорожник 5 дв., дизель', 'руль слева, 96 000 км']
Honda Jazz|https://im.mashina.kg/tachka/images//3/6/2/362bf40596c9c930bf310958743be6d4_240x180.jpg|$ 5 500|['2004 г., 1.3 л., механика', 'хэтчбек 5 дв., бензин', 'руль слева, 120 456 км']
Lexus LX|https://im.mashina.kg/tachka/images//c/7/2/c72d0c1059948d98bb79e77151236adb_240x180.jpg|$ 115 000|['2017 г., 5.7 л., автомат', 'внедорожник 5 дв., бензин', 'руль слева, 58 000 км']
Changan UNI-T|https://im.mashina.kg/tachka/images//b/b/7/bb7d11d1c8ac735b66063b8ade82f528_240x180.jpg|$ 24 200|['2023 г., 1.5 л., робот', 'внедорожник 5 дв., бензин', 'руль слева, 22 км']
Geely Okavango|https://im.mashina.kg/tachka/images//b/9/3/b93443b3bf74d215ae62e1a74926bc8a_240x180.jpg|$ 27 000|['2023 г., 2 л., робот', 'внедорожник 5 дв., бензин', 'руль слева']
Geely Atlas Pro|https://im.mashina.kg/tachka/images//a/a/4/aa4aa05e35899ccadf0ec00f002f9d2f_240x180.jpg|$ 24 500|['2023 г., 1.5 л., автомат', 'внедорожник 5 дв., бензин', 'руль слева']
Lexus ES|https://im.mashina.kg/tachka/images//a/2/a/a2aa8d14160271f6fc1dbba1842e9a4f_240x180.jpg|$ 28 000|['2015 г., 3.5 л., автомат', 'седан, бензин', 'руль слева, 156 000 км']
Kia K5 II Седан|https://im.mashina.kg/tachka/images//7/e/8/7e8cadd3e314fbba833cbde6d52f0626_240x180.jpg|$ 14 700|['2019 г., 2 л., автомат', 'седан, газ', 'руль слева, 135 000 км']
Toyota Camry (Japan)|https://im.mashina.kg/tachka/images//5/6/3/563d7b69fa6af56685101961963c095b_240x180.jpg|$ 31 500|['2018 г., 2.5 л., автомат', 'седан, бензин', 'руль слева, 85 000 км']
Hyundai Kona|https://im.mashina.kg/tachka/images//4/1/2/412351b44164d7c66e807a0177f1f90b_240x180.jpg|$ 19 500|['2018 г., 1.6 л., робот', 'внедорожник 5 дв., бензин', 'руль слева, 46 891 км']
Chevrolet Tracker|https://im.mashina.kg/tachka/images//2/0/b/20bdbee29057eb99230ffeaee63118d9_240x180.jpg|$ 12 700|['2020 г., 1.8 л., автомат', 'внедорожник 5 дв., бензин', 'руль слева, 94 000 км']
Mercedes-Benz C-Класс|https://im.mashina.kg/tachka/images//9/0/6/906c9a2f98b6cb1b195f62428810aa7c_240x180.jpg|$ 26 900|['2017 г., 2.1 л., автомат', 'седан, дизель', 'руль слева, 111 000 км']
Kia Sorento|https://im.mashina.kg/tachka/images//c/3/e/c3ec4d0f21b9c5a89b1c76b7619ed7d5_240x180.jpg|$ 25 500|['2017 г., 2 л., автомат', 'внедорожник 5 дв., дизель', 'руль слева, 82 000 км']
Hyundai Sonata|https://im.mashina.kg/tachka/images//d/5/b/d5b1821955238ab755479c86582621ad_240x180.jpg|$ 18 500|['2020 г., 2 л., автомат', 'седан, бензин / газ', 'руль слева, 88 124 км']
Geely Atlas Pro|https://im.mashina.kg/tachka/images//b/b/8/bb850da119c34429d6c0649054694142_240x180.jpg|$ 24 500|['2023 г., 1.5 л., автомат', 'внедорожник 5 дв., бензин', 'руль слева, 15 км']
Honda Accord|https://im.mashina.kg/tachka/images//a/e/b/aeb79e4499bfaf2038de343302592354_240x180.jpg|$ 17 500|['2015 г., 3.5 л., автомат', 'седан, бензин', 'руль слева, 91 439 км']
Geely Preface|https://im.mashina.kg/tachka/images//e/2/a/e2a2d8c311ed1635691d32fabcadd3e3_240x180.jpg|$ 25 000|['2023 г., 2 л., робот', 'седан, бензин', 'руль слева, 10 км']
Kia K7|https://im.mashina.kg/tachka/images//d/e/9/de9bc1696b5dc1f93d1fd666944704f4_240x180.jpg|$ 26 900|['2020 г., 2.5 л., автомат', 'седан, бензин', 'руль слева, 138 000 км']
Toyota RAV4|https://im.mashina.kg/tachka/images//3/f/a/3fad54123c81b8e3b49ae3adad413a80_240x180.jpg|$ 38 500|['2023 г., 2 л., вариатор', 'внедорожник 5 дв., бензин', 'руль слева, 20 км']
Geely Monjaro|https://im.mashina.kg/tachka/images//9/0/3/9031a5fd63fab3332d7f6ee3b1b51e48_240x180.jpg|$ 32 000|['2023 г., 2 л., автомат', 'внедорожник 5 дв., бензин', 'руль слева, 20 км']
BMW X6|https://im.mashina.kg/tachka/images//b/e/d/bede74bae39cdd346c0e449702c18bc6_240x180.jpg|$ 85 000|['2021 г., 3 л., автомат', 'внедорожник 5 дв., бензин', 'руль слева, 27 000 км']
Kia Sportage|https://im.mashina.kg/tachka/images//2/f/a/2fac30564d77a055f639ecce939fb801_240x180.jpg|$ 21 600|['2019 г., 2 л., автомат', 'внедорожник 5 дв., дизель', 'руль слева, 112 000 км']
Toyota Highlander|https://im.mashina.kg/tachka/images//b/a/f/baf38ee583bbd7a9343239873e830a7a_240x180.jpg|$ 33 000|['2017 г., 3.5 л., автомат', 'внедорожник 5 дв., бензин', 'руль слева, 58 000 км']
Geely Atlas|https://im.mashina.kg/tachka/images//e/9/f/e9f781503dd037812aab5302678df1a2_240x180.jpg|$ 23 500|['2023 г., 1.8 л., автомат', 'внедорожник 5 дв., бензин', 'руль слева']
Honda CR-V|https://im.mashina.kg/tachka/images//6/3/0/630b928649c20fd11611d6792d67b5ef_240x180.jpg|$ 45 500|['2023 г., 1.5 л., вариатор', 'внедорожник 5 дв., бензин', 'руль слева, 40 км']
Geely Atlas|https://im.mashina.kg/tachka/images//5/c/f/5cf8615f1eab5ba66f4fd9a918822290_240x180.jpg|$ 24 400|['2023 г., 1.8 л., автомат', 'внедорожник 5 дв., бензин', 'руль слева']
Nissan Altima|https://im.mashina.kg/tachka/images//e/e/6/ee665b0caa87ff76b5dc75e106a5baaa_240x180.jpg|$ 14 800|['2017 г., 2.5 л., вариатор', 'седан, бензин', 'руль слева, 175 000 км']
Toyota Highlander|https://im.mashina.kg/tachka/images//5/9/7/5974534882921e59269a233ef3e6e961_240x180.jpg|$ 28 800|['2017 г., 3.5 л., автомат', 'внедорожник 5 дв., бензин', 'руль слева, 82 000 км']
Geely Monjaro|https://im.mashina.kg/tachka/images//e/f/5/ef5ced8e93dd56f3e468b3102c5e445f_240x180.jpg|$ 32 000|['2023 г., 2 л., автомат', 'внедорожник 5 дв., бензин', 'руль слева']
Toyota Sequoia|https://im.mashina.kg/tachka/images//c/a/9/ca986f9c1fd8325b3f517adae50a19c8_240x180.jpg|$ 125 500|['2023 г., 3.4 л., автомат', 'внедорожник 5 дв., гибрид', 'руль слева, 120 км']
Changan UNI-T|https://im.mashina.kg/tachka/images//a/6/2/a627c84a82e1cce7c1ac1fbe5a0702db_240x180.jpg|$ 18 335|['2023 г., 1.5 л., робот', 'внедорожник 5 дв., бензин', 'руль слева']
Geely Monjaro|https://im.mashina.kg/tachka/images//6/9/6/696f29da46f4dee6b1b50054c4439eef_240x180.jpg|$ 27 932|['2023 г., 2 л., автомат', 'внедорожник 5 дв., бензин', 'руль слева']
EXEED VX|https://im.mashina.kg/tachka/images//d/8/0/d808308cdefe8258f244ad0459c31d93_240x180.jpg|$ 34 481|['2023 г., 2 л., автомат', 'внедорожник 5 дв., бензин', 'руль слева']
Subaru Outback|https://im.mashina.kg/tachka/images//b/c/c/bcc332ae28fbdf8ed2f0ee7abf834019_240x180.jpg|$ 15 400|['2016 г., 2.5 л., вариатор', 'универсал, бензин', 'руль слева, 166 000 км']
Volkswagen Jetta|https://im.mashina.kg/tachka/images//a/4/2/a4217b42a57900ca6d18f1099c4d35ce_240x180.jpg|$ 16 500|['2018 г., 1.4 л., автомат', 'седан, бензин', 'руль слева, 64 000 км']
Chevrolet Equinox|https://im.mashina.kg/tachka/images//d/6/1/d618c9917b76cef0661c974f2b21c1b1_240x180.jpg|$ 16 800|['2018 г., 2.4 л., автомат', 'внедорожник 5 дв., бензин', 'руль слева, 76 000 км']
Chevrolet Volt|https://im.mashina.kg/tachka/images//b/5/3/b534458b75d9d8a13778d477848ffe75_240x180.jpg|$ 13 800|['2013 г., 1.4 л., вариатор', 'хэтчбек 5 дв., гибрид', 'руль слева, 200 000 км']
Lexus GX|https://im.mashina.kg/tachka/images//d/4/c/d4cd6b7a9e2048b342b874439ed3028f_240x180.jpg|$ 48 000|['2017 г., 4.6 л., автомат', 'внедорожник 5 дв., бензин', 'руль слева, 55 000 км']
Toyota Highlander|https://im.mashina.kg/tachka/images//5/1/b/51be0e4eed79c4a857b953d3edb85504_240x180.jpg|$ 43 900|['2021 г., 3.5 л., автомат', 'внедорожник 5 дв., бензин', 'руль слева, 43 000 км']
Hyundai Santa Fe|https://im.mashina.kg/tachka/images//5/d/8/5d89edd138ac0b077e98b321270eda75_240x180.jpg|$ 23 500|['2018 г., 2 л., автомат', 'внедорожник 5 дв., дизель', 'руль слева, 134 000 км']
Lexus ES|https://im.mashina.kg/tachka/images//b/7/c/b7c4694c4864472c4b969e0b2329cd07_240x180.jpg|$ 25 500|['2015 г., 2.5 л., вариатор', 'седан, гибрид', 'руль слева, 155 000 км']
EXEED RX|https://im.mashina.kg/tachka/images//9/7/c/97c31cc17074d0c133248c98dc956878_240x180.jpg|$ 28 000|['2023 г., 2 л., робот', 'внедорожник 5 дв., бензин', 'руль слева, 15 км']
Toyota Land Cruiser|https://im.mashina.kg/tachka/images//b/f/2/bf206030f6175e938cf91c7ad9421d03_240x180.jpg|$ 26 500|['2008 г., 4.7 л., автомат', 'внедорожник 5 дв., бензин', 'руль слева, 200 000 км']
Changan UNI-K|https://im.mashina.kg/tachka/images//0/e/8/0e80cb1710a90e6147ef9a05ecbed1e7_240x180.jpg|$ 29 400|['2023 г., 2 л., автомат', 'внедорожник 5 дв., бензин', 'руль слева, 10 км']
Toyota Highlander|https://im.mashina.kg/tachka/images//b/5/0/b50602a565af201383dab5a2374c58ed_240x180.jpg|$ 50 500|['2020 г., 2.5 л., автомат', 'внедорожник 5 дв., гибрид', 'руль слева, 49 000 км']
Honda Fit|https://im.mashina.kg/tachka/images//e/2/3/e23d63cf1465ee051771c494e7f55193_240x180.jpg|$ 12 500|['2016 г., 1.5 л., вариатор', 'хэтчбек 5 дв., бензин', 'руль слева, 98 000 км']
Lotus Eletre|https://im.mashina.kg/tachka/images//2/9/b/29b52680c9f944e8942466abf18d2459_240x180.jpg|$ 138 500|['2023 г., автомат', 'внедорожник 5 дв., электро', 'руль слева']
Zeekr 001|https://im.mashina.kg/tachka/images//2/5/a/25acb1936ac937e9bdda312a3170f49e_240x180.jpg|$ 52 500|['2023 г., автомат', 'лифтбек, электро', 'руль слева, 12 км']
EXEED Yaoguang|https://im.mashina.kg/tachka/images//2/d/7/2d760ee38d4bd06d29c5f2ec181be3fe_240x180.jpg|$ 29 000|['2023 г., 2 л., робот', 'внедорожник 5 дв., бензин', 'руль слева, 71 км']
LiXiang L7|https://im.mashina.kg/tachka/images//0/f/0/0f0154c7abe35d86058c7f8f4d62761a_240x180.jpg|$ 50 850|['2023 г., 1.5 л., автомат', 'внедорожник 5 дв., гибрид', 'руль слева, 48 км']
Jetour Traveller|https://im.mashina.kg/tachka/images//9/c/b/9cb601956b1b750656de3f9bac242583_240x180.jpg|$ 28 300|['2023 г., 2 л., автомат', 'внедорожник 5 дв., бензин', 'руль слева']
Toyota Camry|https://im.mashina.kg/tachka/images//4/e/e/4eea7ccc9101306359c57cb81e8d8886_240x180.jpg|$ 22 700|['2018 г., 2.5 л., автомат', 'седан, бензин', 'руль слева, 71 000 км']
Chevrolet Monza|https://im.mashina.kg/tachka/images//5/5/5/55561328602484a303f3aeb63a65ad28_240x180.jpg|$ 16 300|['2023 г., 1.5 л., робот', 'седан, бензин', 'руль слева, 50 км']
Hyundai Elantra|https://im.mashina.kg/tachka/images//d/a/f/dafe377acb9327352a17e753829b2ed0_240x180.jpg|$ 13 700|['2017 г., 2 л., автомат', 'седан, бензин', 'руль слева, 80 000 км']
BMW 5 серии|https://im.mashina.kg/tachka/images//b/e/4/be48972b7e8f0e89cdc7bfd16718e1c7_240x180.jpg|$ 35 000|['2018 г., 2 л., автомат', 'седан, бензин', 'руль слева, 100 000 км']
Toyota 4Runner|https://im.mashina.kg/tachka/images//9/b/7/9b7282a51cdeff33c10a3e15dfedf5ad_240x180.jpg|$ 44 000|['2017 г., 4 л., автомат', 'внедорожник 5 дв., бензин', 'руль слева, 140 000 км']
Toyota Camry|https://im.mashina.kg/tachka/images//5/2/b/52b29661619e962016ba0f370ff64f09_240x180.jpg|$ 11 700|['2009 г., 2.5 л., автомат', 'седан, бензин', 'руль слева, 215 000 км']
Voyah Free|https://im.mashina.kg/tachka/images//0/d/7/0d75b1cba199b4e3d68162020c7d5359_240x180.jpg|$ 37 381|['2023 г., 1.5 л., автомат', 'внедорожник 5 дв., гибрид', 'руль слева']
Honda CR-V|https://im.mashina.kg/tachka/images//2/a/7/2a7fc6c36a3db5b17a97424bf1ed061f_240x180.jpg|$ 26 000|['2017 г., 1.5 л., вариатор', 'внедорожник 5 дв., бензин', 'руль слева, 82 000 км']
Kia Carnival|https://im.mashina.kg/tachka/images//d/0/5/d05a7b17cde0e28aedf9a20703b40611_240x180.jpg|$ 39 000|['2020 г., 2.2 л., автомат', 'минивэн, дизель', 'руль слева, 37 600 км']
Kia Carnival|https://im.mashina.kg/tachka/images//d/a/a/daa263ee487ba0d744e3c1a310a01466_240x180.jpg|$ 41 000|['2021 г., 2.2 л., автомат', 'минивэн, дизель', 'руль слева, 25 500 км']
Genesis G80|https://im.mashina.kg/tachka/images//9/6/f/96faff8386f5988c02dff8b904be08b7_240x180.jpg|$ 27 000|['2017 г., 3.3 л., автомат', 'седан, бензин', 'руль слева, 93 500 км']
Toyota Highlander|https://im.mashina.kg/tachka/images//b/1/2/b128312cb676429c88089fc3bada3ba4_240x180.jpg|$ 38 000|['2021 г., 3.5 л., автомат', 'внедорожник 5 дв., бензин', 'руль слева, 11 000 км']
Geely Preface|https://im.mashina.kg/tachka/images//6/2/a/62a45b6de56dbce4f1fcaebd2c053535_240x180.jpg|$ 26 000|['2023 г., 2 л., робот', 'седан, бензин', 'руль слева, 10 км']
Honda Odyssey|https://im.mashina.kg/tachka/images//1/f/1/1f15c6a9709e6778ac534b5d408e210d_240x180.jpg|$ 6 145|['2002 г., 2.3 л., автомат', 'минивэн, бензин', 'руль справа, 450 000 км']
Land Rover Discovery|https://im.mashina.kg/tachka/images//d/8/b/d8b738334abadae8e02a3b9da2bcbc23_240x180.jpg|$ 14 200|['2006 г., 4.4 л., автомат', 'внедорожник 5 дв., бензин', 'руль слева, 240 000 км']
Geely Monjaro|https://im.mashina.kg/tachka/images//9/0/d/90d46b21c04f57c74ec064225020db89_240x180.jpg|$ 32 500|['2023 г., 2 л., автомат', 'внедорожник 5 дв., бензин', 'руль слева']
Hyundai Santa Fe|https://im.mashina.kg/tachka/images//b/0/2/b023aa4a2b514f5c8ee077080609ca8a_240x180.jpg|$ 27 500|['2018 г., 2 л., автомат', 'внедорожник 5 дв., дизель', 'руль слева, 111 111 км']
Kia K7|https://im.mashina.kg/tachka/images//8/9/e/89ec7c66a58572ee538d7c1cf9a99f74_240x180.jpg|$ 19 800|['2018 г., 2.4 л., автомат', 'седан, бензин', 'руль слева, 145 000 км']
Lexus GX|https://im.mashina.kg/tachka/images//a/7/2/a72f3fc674aad2633814531826841cac_240x180.jpg|$ 28 000|['2006 г., 4.7 л., автомат', 'внедорожник 5 дв., бензин', 'руль слева, 245 000 км']
Toyota Camry|https://im.mashina.kg/tachka/images//7/1/9/7194794ab86b42bb0f15d66d384911ee_240x180.jpg|$ 14 000|['2017 г., 2.5 л., автомат', 'седан, бензин', 'руль слева, 130 000 км']
Hyundai Santa Fe|https://im.mashina.kg/tachka/images//1/f/1/1f1e6e5b47dd7635ae2a3748991c98ab_240x180.jpg|$ 27 500|['2018 г., 2.2 л., автомат', 'внедорожник 5 дв., дизель', 'руль слева']
Honda Fit|https://im.mashina.kg/tachka/images//3/b/c/3bc70a50eca5f8dceeb915e023a0c0c6_240x180.jpg|$ 6 600|['2004 г., 1.5 л., вариатор', 'хэтчбек 5 дв., бензин', 'руль справа, 300 000 км']
Daewoo Matiz|https://im.mashina.kg/tachka/images//9/4/1/94160a50772c090abfa588616e18b9de_240x180.jpg|$ 1 843|['2003 г., 0.8 л., механика', 'хэтчбек 5 дв., бензин', 'руль слева, 18 000 км']
Tank 300|https://im.mashina.kg/tachka/images//7/a/4/7a486c939efafc017dc3f4def07f49f9_240x180.jpg|$ 57 000|['2023 г., 2 л., автомат', 'внедорожник 5 дв., бензин', 'руль слева']
EXEED RX|https://im.mashina.kg/tachka/images//b/6/7/b67f5ce0e7f9c0a80c44cdab76c97e36_240x180.jpg|$ 35 000|['2023 г., 2 л., автомат', 'внедорожник 5 дв., бензин', 'руль слева, 10 км']
Mercedes-Benz GL-класс|https://im.mashina.kg/tachka/images//7/7/4/7745453305195c5dde935fd1035ec0fa_240x180.jpg|$ 23 000|['2011 г., 5.5 л., автомат', 'внедорожник 5 дв., бензин', 'руль слева, 212 000 км']
EXEED RX|https://im.mashina.kg/tachka/images//7/c/c/7cc1fb99779700d96ec2e0f8bfa4a160_240x180.jpg|$ 35 999|['2023 г., 2 л., робот', 'внедорожник 5 дв., бензин', 'руль слева, 10 км']
Toyota Prius|https://im.mashina.kg/tachka/images//2/2/f/22f96241fc6e49fc503d2275e6e61b46_240x180.jpg|$ 12 500|['2011 г., 1.8 л., автомат', 'хэтчбек 5 дв., гибрид', 'руль слева, 167 000 км']
Hyundai Santa Fe|https://im.mashina.kg/tachka/images//3/7/7/377b1d87c6168f688d10e3425907d91f_240x180.jpg|$ 20 000|['2017 г., 2 л., автомат', 'внедорожник 5 дв., дизель', 'руль слева, 206 071 км']
Toyota Avalon|https://im.mashina.kg/tachka/images//c/4/6/c46d6402a30461dbbd0da41ffc283e79_240x180.jpg|$ 29 700|['2019 г., 2.5 л., вариатор', 'седан, гибрид', 'руль слева, 105 000 км']
Toyota Land Cruiser Prado|https://im.mashina.kg/tachka/images//f/f/6/ff60c7a0ea75c36ab12a641f10f0371b_240x180.jpg|$ 19 000|['2006 г., 3 л., автомат', 'внедорожник 5 дв., дизель', 'руль слева, 212 000 км']
Lexus GX|https://im.mashina.kg/tachka/images//b/a/c/bac90a41e4966dced7bd339e0d51da04_240x180.jpg|$ 49 900|['2017 г., 4.6 л., автомат', 'внедорожник 5 дв., бензин', 'руль слева, 50 000 км']
